
CREATE TABLE DEPT
       (DEPTNO Integer NOT NULL,
        DNAME VARCHAR(14) ,
        LOC VARCHAR(13) ) ;
ALTER TABLE DEPT add constraint PK_DEPT PRIMARY KEY (DEPTNO);

INSERT INTO DEPT VALUES(10,'ACCOUNTING','NEW YORK');
INSERT INTO DEPT VALUES(20,'RESEARCH','DALLAS');
INSERT INTO DEPT VALUES(30,'SALES','CHICAGO');
INSERT INTO DEPT VALUES(40,'OPERATIONS','BOSTON');


CREATE TABLE EMP
       (EMPNO Integer NOT NULL,
        ENAME VARCHAR(10),
        JOB VARCHAR(9),
        MGR Integer,
        HIREDATE DATE,
        SAL Float,
        COMM Float,
        DEPTNO Integer );
ALTER TABLE EMP add constraint PK_EMP PRIMARY KEY (EMPNO);
ALTER TABLE EMP add constraint FK_DEPTNO FOREIGN KEY(DEPTNO) REFERENCES DEPT(DEPTNO);


INSERT INTO EMP VALUES
(7369,'SMITH','CLERK',7902,'1980-12-17',800,NULL,20);
INSERT INTO EMP VALUES
(7499,'ALLEN','SALESMAN',7698,'1981-20-02',1600,300,30);
INSERT INTO EMP VALUES
(7521,'WARD','SALESMAN',7698,'1981-22-02',1250,500,30);
INSERT INTO EMP VALUES
(7566,'JONES','MANAGER',7839,'1981-02-04',2975,NULL,20);
INSERT INTO EMP VALUES
(7654,'MARTIN','SALESMAN',7698,'1981-28-09',1250,1400,30);
INSERT INTO EMP VALUES
(7698,'BLAKE','MANAGER',7839,'1981-01-05',2850,NULL,30);
INSERT INTO EMP VALUES
(7782,'CLARK','MANAGER',7839,'1981-09-06',2450,NULL,10);
INSERT INTO EMP VALUES
(7788,'SCOTT','ANALYST',7566,'1981-06-13',3000,NULL,20);
INSERT INTO EMP VALUES
(7839,'KING','PRESIDENT',NULL,'1981-17-11',5000,NULL,10);
INSERT INTO EMP VALUES
(7844,'TURNER','SALESMAN',7698,'1981-08-09',1500,0,30);
INSERT INTO EMP VALUES
(7876,'ADAMS','CLERK',7788,'1981-06-13',1100,NULL,20);
INSERT INTO EMP VALUES
(7900,'JAMES','CLERK',7698,'1981-03-12',950,NULL,30);
INSERT INTO EMP VALUES
(7902,'FORD','ANALYST',7566,'1981-03-12',3000,NULL,20);
INSERT INTO EMP VALUES
(7934,'MILLER','CLERK',7782,'1981-23-01',1300,NULL,10);

ALTER TABLE EMP add constraint FK_MGR FOREIGN KEY(MGR) REFERENCES EMP(EMPNO);
CREATE TABLE BONUS
        (
        ENAME VARCHAR(10),
        JOB VARCHAR(9),
        SAL Float,
        COMM Float
        ) ;

CREATE TABLE SALGRADE
      ( GRADE Integer,
        LOSAL float,
        HISAL float );

INSERT INTO SALGRADE VALUES (1,700,1200);
INSERT INTO SALGRADE VALUES (2,1201,1400);
INSERT INTO SALGRADE VALUES (3,1401,2000);
INSERT INTO SALGRADE VALUES (4,2001,3000);
INSERT INTO SALGRADE VALUES (5,3001,9999);

